title,excerpt,description,author,date,image
"Kelas Pembuatan Sabun, Parfum, Dan Home Industry","Kelas ini menawarkan kesempatan bagi para peserta untuk belajar membuat berbagai jenis sabun, mulai dari keperluan rumah tangga hingga keperluan industri.","Di era digital saat ini, kelas pembuatan sabun telah menjadi populer baik secara online maupun offline. Dengan kebutuhan akan produk pembersih yang terus meningkat, kelas-kelas ini menawarkan kesempatan bagi para peserta untuk belajar membuat berbagai jenis sabun, mulai dari keperluan rumah tangga hingga keperluan industri.

Kelas Online dan Offline

Kelas Online:
- Fleksibilitas waktu dan tempat.
- Materi ajar yang dapat diakses kapan saja.
- Interaksi dengan instruktur melalui WhatsApp 

Kelas Offline:
- Pengalaman praktik langsung dalam pembuatan sabun.
- Kesempatan untuk bertanya dan mendapatkan umpan balik segera dari instruktur.
- Bahan dan hasil praktek dapat dibawa pulang

Jenis Sabun yang Diajarkan
1. Sabun Deterjen Laundry Cair & Bubuk. Belajar formulasi yang efektif untuk menghilangkan noda dan menjaga warna pakaian.
2. Sabun Shampoo Karpet. Formulasi khusus untuk membersihkan dan merawat karpet.
3. Sabun Shampoo Mobil/Motor. Sabun dengan pH seimbang untuk membersihkan kendaraan tanpa merusak cat.
4. Sabun Shampoo Rambut & Hewan. Pembuatan shampoo yang aman dan nyaman untuk kulit kepala dan bulu hewan.
5. Sabun Krim Pembersih. Sabun dengan tekstur krim untuk pembersihan mendalam.
6. Sabun Cuci Tangan & Piring. Formulasi yang lembut di tangan namun kuat menghilangkan lemak.
7. Sabun Colek. Sabun padat yang digunakan untuk membersihkan noda tertentu.
8. Sabun Mandi Batang & Cair. Pembuatan sabun mandi yang menyegarkan dan melembapkan.
9. Sabun Pel Lantai. Formulasi khusus untuk membersihkan lantai dengan efektif.
10. Sabun Jelly & Pelok. Sabun dengan tekstur unik yang menarik minat pasar.
11. Sabun Wajah. Sabun yang diformulasikan khusus untuk perawatan wajah.

Bonus: Resep Kimia Industri

Sebagai bonus, peserta kelas juga akan mendapatkan akses ke ratusan resep kimia industri yang dapat digunakan untuk memulai atau mengembangkan bisnis sabun mereka sendiri. Resep-resep ini mencakup berbagai formulasi untuk memenuhi kebutuhan spesifik dari berbagai jenis sabun.

Kelas pembuatan sabun memberikan peluang besar bagi siapa saja yang ingin mempelajari keterampilan baru atau memulai bisnis di bidang produk pembersih. Dengan beragam jenis sabun yang dapat dipelajari, peserta tidak hanya mendapatkan pengetahuan tetapi juga keterampilan praktis yang dapat langsung diterapkan. Ayo segera ambil peluang ini dengan menghubungi WA 0857-7300-9666 untuk cara membuat berbagai macam sabun.","Wahyudi","2025-04-29","https://64.media.tumblr.com/40c1d649fed8636cb49068e20409bf89/e1093b0abc872254-ce/s1280x1920/5d399abb1e6bdf0ec47ae3803ec5dee982659d19.png"
"Klenzo Deterjen Laundry Non Parfum Haji dan Umroh 5 Liter","Klenzo Deterjen Laundry Non Parfum hadir sebagai sabun cair khusus yang dirancang untuk kebutuhan ibadah dengan formula yang sederhana, efektif, dan sesuai dengan aturan syariat","Melaksanakan ibadah haji dan umroh membutuhkan perhatian khusus terhadap kebersihan pakaian, terutama pakaian ihram yang harus terjaga kesucian dan kualitasnya. Klenzo Deterjen Laundry Non Parfum hadir sebagai sabun cair khusus yang dirancang untuk kebutuhan ibadah dengan formula yang sederhana, efektif, dan sesuai dengan aturan syariat. Dengan ukuran ekonomis 5 liter, deterjen ini menjadi pilihan praktis untuk menjaga kebersihan pakaian Anda selama perjalanan spiritual.

Keunggulan Klenzo Deterjen Laundry Non Parfum
1. Tanpa Aroma:
   - Sabun cair ini tidak mengandung pewangi tambahan, sehingga cocok untuk pakaian ihram yang harus terhindar dari aroma yang berlebihan.
2. Tanpa Pewarna:
   - Formula bebas pewarna menjamin deterjen ini aman digunakan, terutama untuk mencuci pakaian putih seperti pakaian ihram.
3. Busa Sedang:
   - Klenzo Deterjen Laundry menghasilkan busa sedang yang efektif mengangkat noda tanpa meninggalkan residu berlebih. Ideal untuk mencuci pakaian secara manual maupun menggunakan mesin cuci.

Manfaat Menggunakan Klenzo Deterjen Laundry Non Parfum
1. Menjaga Kesucian Pakaian:
   - Formula tanpa pewangi dan pewarna memastikan pakaian tetap bersih tanpa tambahan bahan kimia yang dapat merusak kesucian pakaian Ihram.
2. Efektif Menghilangkan Kotoran:
   - Meskipun bebas dari bahan tambahan seperti pewarna atau pewangi, sabun cair ini ampuh membersihkan noda dan menjaga pakaian tetap bersih.
3. Praktis dan Ekonomis:
   - Kemasan 5 liter memberikan nilai lebih, terutama bagi Anda yang membutuhkan deterjen untuk perjalanan panjang atau untuk penggunaan usaha laundry.
4. Aman Digunakan:
   - Formula lembut dari Klenzo Deterjen memastikan pakaian tetap terawat tanpa merusak serat kain.

Klenzo Deterjen Laundry Non Parfum Haji dan Umroh 5 Liter adalah solusi ideal untuk kebutuhan mencuci pakaian selama ibadah. Dengan formula tanpa pewangi dan pewarna, deterjen ini memberikan hasil cucian yang bersih dan terawat tanpa mengurangi kesucian pakaian Ihram. Ukuran ekonomisnya sangat praktis untuk perjalanan panjang maupun untuk penggunaan skala besar seperti laundry.

Pastikan Klenzo Deterjen menjadi bagian dari perlengkapan ibadah Anda untuk menjaga kebersihan pakaian dengan mudah dan nyaman. Dengan produk ini, Anda dapat fokus menjalankan ibadah dengan khusyuk dan damai. Selamat beribadah!","Wahyudi","2025-04-20","https://images.tokopedia.net/img/cache/900/VqbcmM/2025/4/12/1244efbe-e4e2-4cca-9bc0-a45982695d08.jpg"
"Klinsol Karbol Hitam Pembersih Lantai Toilet Kandang 5 L","membersihkan lantai dari kuman - membersihkan bau toilet dan kamar mandi - membersihkan kandang hewan, dll","Pembersih non deterjenik, terbuat dari arpus atau biasa disebut dengan Gondo Rukem/Gum Ressin/Resina colophonium gondorukem adalah getah dari pohon pinus (pinus merkusi).beserta material lainnya berfungsi untuk:
- membersihkan lantai dari kuman
- membersihkan bau toilet dan kamar mandi
- membersihkan kandang hewan, dll

Aroma: pimus/cemara dan sereh
Kemasan 5 liter","Wahyudi","2025-04-30","https://images.tokopedia.net/img/cache/500-square/VqbcmM/2022/3/23/c9e5fbf8-f594-48fc-b070-5c980bd230e6.jpg.webp?ect=4g"
